Workbook

Sheet 互评（每名组员一行）
A1: 评价方 | B1: 被评对象 | C1: 出勤(0-10) | D1: 产出量(0-10) | E1: 产出质量(0-10) | F1: 协作配合(0-10) | G1: 担当与领导力(0-10) | H1: 小计 / 50 | I1: 一句话评语
A2: 杨昊田 | B2: 张晓辉 | C2: 10 | D2: 9 | E2: 9 | F2: 9 | G2: 10 | H2: =SUM(C2:G2) -> 47 | I2: 店员模块完成度较高，联调配合积极。
A3: 杨昊田 | B3: 赵禹昊 | C3: 10 | D3: 9 | E3: 9 | F3: 9 | G3: 8 | H3: =SUM(C3:G3) -> 45 | I3: 猫咪档案功能清晰，页面维护认真。
A4: 杨昊田 | B4: 张森柏 | C4: 10 | D4: 9 | E4: 9 | F4: 9 | G4: 10 | H4: =SUM(C4:G4) -> 47 | I4: 店长与门店数据模块稳定，沟通及时。
A5: 杨昊田 | B5: 陶浩然 | C5: 10 | D5: 9 | E5: 9 | F5: 9 | G5: 10 | H5: =SUM(C5:G5) -> 47 | I5: 运营看板和文档整理充分，答辩准备积极。
A6: 张晓辉 | B6: 杨昊田 | C6: 10 | D6: 9 | E6: 10 | F6: 9 | G6: 10 | H6: =SUM(C6:G6) -> 48 | I6: 统筹主流程与公共架构，集成能力强。
A7: 张晓辉 | B7: 赵禹昊 | C7: 10 | D7: 9 | E7: 9 | F7: 9 | G7: 8 | H7: =SUM(C7:G7) -> 45 | I7: 猫咪档案功能清晰，页面维护认真。
A8: 张晓辉 | B8: 张森柏 | C8: 10 | D8: 9 | E8: 9 | F8: 9 | G8: 9 | H8: =SUM(C8:G8) -> 46 | I8: 店长与门店数据模块稳定，沟通及时。
A9: 张晓辉 | B9: 陶浩然 | C9: 10 | D9: 9 | E9: 9 | F9: 9 | G9: 10 | H9: =SUM(C9:G9) -> 47 | I9: 运营看板和文档整理充分，答辩准备积极。
A10: 赵禹昊 | B10: 杨昊田 | C10: 10 | D10: 9 | E10: 10 | F10: 9 | G10: 10 | H10: =SUM(C10:G10) -> 48 | I10: 统筹主流程与公共架构，集成能力强。
A11: 赵禹昊 | B11: 张晓辉 | C11: 10 | D11: 9 | E11: 9 | F11: 9 | G11: 9 | H11: =SUM(C11:G11) -> 46 | I11: 店员模块完成度较高，联调配合积极。
A12: 赵禹昊 | B12: 张森柏 | C12: 10 | D12: 9 | E12: 9 | F12: 9 | G12: 9 | H12: =SUM(C12:G12) -> 46 | I12: 店长与门店数据模块稳定，沟通及时。
A13: 赵禹昊 | B13: 陶浩然 | C13: 10 | D13: 9 | E13: 9 | F13: 9 | G13: 10 | H13: =SUM(C13:G13) -> 47 | I13: 运营看板和文档整理充分，答辩准备积极。
... A21: 陶浩然 | B21: 张森柏 | C21: 10 | D21: 9 | E21: 9 | F21: 9 | G21: 9 | H21: =SUM(C21:G21) -> 46 | I21: 店长与门店数据模块稳定，沟通及时。

Sheet 组长评定
A1: 被评对象 | B1: 出勤(0-10) | C1: 产出量(0-10) | D1: 产出质量(0-10) | E1: 协作配合(0-10) | F1: 担当与领导力(0-10) | G1: 小计 / 50 | H1: 组长评语
A2: 组员1 | B2: 10 | C2: 10 | D2: 10 | E2: 9 | F2: 9 | G2: =SUM(B2:F2) -> 48 | H2: 统筹主流程与公共架构，集成能力强。
A3: 组员2 | B3: 9 | C3: 9 | D3: 9 | E3: 9 | F3: 9 | G3: =SUM(B3:F3) -> 45 | H3: 店员模块完成度较高，联调配合积极。
A4: 组员3 | B4: 9 | C4: 9 | D4: 9 | E4: 9 | F4: 8 | G4: =SUM(B4:F4) -> 44 | H4: 猫咪档案功能清晰，页面维护认真。
A5: 组员4 | B5: 9 | C5: 9 | D5: 9 | E5: 9 | F5: 9 | G5: =SUM(B5:F5) -> 45 | H5: 店长与门店数据模块稳定，沟通及时。
A6: 组员5 | B6: 9 | C6: 9 | D6: 10 | E6: 9 | F6: 9 | G6: =SUM(B6:F6) -> 46 | H6: 运营看板和文档整理充分，答辩准备积极。

Sheet 教师评估
A1: 被评对象 | B1: Git 活跃度 | C1: 答辩表现 | D1: 核心模块掌握度 | E1: 其他 | F1: 小计 / 50 | G1: 教师评语
A2: 组员1 | B2: 10 | C2: 9 | D2: 10 | E2: 9 | F2: =SUM(B2:E2) -> 38 | G2: 待指导教师最终确认
A3: 组员2 | B3: 9 | C3: 9 | D3: 9 | E3: 9 | F3: =SUM(B3:E3) -> 36 | G3: 待指导教师最终确认
A4: 组员3 | B4: 9 | C4: 9 | D4: 9 | E4: 8 | F4: =SUM(B4:E4) -> 35 | G4: 待指导教师最终确认
A5: 组员4 | B5: 9 | C5: 9 | D5: 9 | E5: 9 | F5: =SUM(B5:E5) -> 36 | G5: 待指导教师最终确认
A6: 组员5 | B6: 9 | C6: 9 | D6: 10 | E6: 9 | F6: =SUM(B6:E6) -> 37 | G6: 待指导教师最终确认

Sheet 贡献度系数计算
A1: 被评对象 | B1: 互评平均(0-50) | C1: 组长评(0-50) | D1: 教师评(0-50) | E1: 加权(互30% 长30% 师40%) | F1: 相对系数 | G1: 最终系数(0.7-1.2)
A2: 组员1 | B2: =AVERAGEIF('互评（每名组员一行）'!B:B,A2,'互评（每名组员一行）'!H:H) -> #DIV/0! | C2: =VLOOKUP(A2,组长评定!A:G,7,FALSE) -> 48 | D2: =VLOOKUP(A2,教师评估!A:F,6,FALSE) -> 38 | E2: =B2*0.3+C2*0.3+D2*0.4 -> #DIV/0! | F2: =E2/AVERAGE(E$2:E$6) -> #DIV/0! | G2: =MIN(1.2,MAX(0.7,ROUND(F2,2))) -> #DIV/0!
A3: 组员2 | B3: =AVERAGEIF('互评（每名组员一行）'!B:B,A3,'互评（每名组员一行）'!H:H) -> #DIV/0! | C3: =VLOOKUP(A3,组长评定!A:G,7,FALSE) -> 45 | D3: =VLOOKUP(A3,教师评估!A:F,6,FALSE) -> 36 | E3: =B3*0.3+C3*0.3+D3*0.4 -> #DIV/0! | F3: =E3/AVERAGE(E$2:E$6) -> #DIV/0! | G3: =MIN(1.2,MAX(0.7,ROUND(F3,2))) -> #DIV/0!
A4: 组员3 | B4: =AVERAGEIF('互评（每名组员一行）'!B:B,A4,'互评（每名组员一行）'!H:H) -> #DIV/0! | C4: =VLOOKUP(A4,组长评定!A:G,7,FALSE) -> 44 | D4: =VLOOKUP(A4,教师评估!A:F,6,FALSE) -> 35 | E4: =B4*0.3+C4*0.3+D4*0.4 -> #DIV/0! | F4: =E4/AVERAGE(E$2:E$6) -> #DIV/0! | G4: =MIN(1.2,MAX(0.7,ROUND(F4,2))) -> #DIV/0!
A5: 组员4 | B5: =AVERAGEIF('互评（每名组员一行）'!B:B,A5,'互评（每名组员一行）'!H:H) -> #DIV/0! | C5: =VLOOKUP(A5,组长评定!A:G,7,FALSE) -> 45 | D5: =VLOOKUP(A5,教师评估!A:F,6,FALSE) -> 36 | E5: =B5*0.3+C5*0.3+D5*0.4 -> #DIV/0! | F5: =E5/AVERAGE(E$2:E$6) -> #DIV/0! | G5: =MIN(1.2,MAX(0.7,ROUND(F5,2))) -> #DIV/0!
A6: 组员5 | B6: =AVERAGEIF('互评（每名组员一行）'!B:B,A6,'互评（每名组员一行）'!H:H) -> #DIV/0! | C6: =VLOOKUP(A6,组长评定!A:G,7,FALSE) -> 46 | D6: =VLOOKUP(A6,教师评估!A:F,6,FALSE) -> 37 | E6: =B6*0.3+C6*0.3+D6*0.4 -> #DIV/0! | F6: =E6/AVERAGE(E$2:E$6) -> #DIV/0! | G6: =MIN(1.2,MAX(0.7,ROUND(F6,2))) -> #DIV/0!

Sheet 说明
A1: 项目 | B1: 说明
A2: 提交时间 | B2: D14 答辩当日 17:00 前
A3: 提交方式 | B3: 由组长汇总，发指导教师邮箱
A4: 填写顺序 | B4: 1) 互评（每位组员独立填）→ 2) 组长汇总 → 3) 组长评定 → 4) 教师评估
A5: 保密性 | B5: 互评分数仅指导教师可见；不公开给组员
A6: 系数范围 | B6: 0.7-1.2，且团队系数总和 = 团队人数（防止平均化作弊）
A7: 成员占位说明 | B7: 本表先以组员1—组员5代替真实姓名，最终提交前请替换为本组真实姓名和学号。
